date_utc,jd,magnitude,fainter_than,band_code,band_name,uncertainty,observer_code,obstype
2026-10-09T16:54:58Z,2461323.204848,10.148,False,2,Johnson V,0.009,SANGA,2
2026-10-09T16:59:31Z,2461323.208,4.9,True,0,Visual,,MQA,1
2026-10-09T17:00:30Z,2461323.20869,10.133,False,2,Johnson V,0.008,SANGA,2
2026-10-09T17:09:05Z,2461323.214649,10.118,False,2,Johnson V,0.009,SANGA,2
2026-10-09T19:05:08Z,2461323.295237,10.145,False,2,Johnson V,0.007,DFS,2
2026-10-09T19:05:21Z,2461323.295388,11.417,False,3,Johnson B,0.009,DFS,2
2026-10-09T19:43:59Z,2461323.322222,10.2,False,0,Visual,,LEDE,1
2026-10-09T19:45:00Z,2461323.322917,10.1,False,0,Visual,,MPAM,1
2026-10-09T20:11:27Z,2461323.34129258,11.5975,False,3,Johnson B,0.0015,WGR,2
2026-10-09T20:12:39Z,2461323.34212095,11.5808,False,3,Johnson B,0.0015,WGR,2
2026-10-09T20:13:50Z,2461323.34294433,11.5886,False,3,Johnson B,0.0016,WGR,2
2026-10-09T20:15:01Z,2461323.34376852,11.5861,False,3,Johnson B,0.0016,WGR,2
2026-10-09T20:16:12Z,2461323.34458968,11.5657,False,3,Johnson B,0.0016,WGR,2
2026-10-09T20:29:17Z,2461323.3536729,12.5151,False,40,code 40,0.0278,WGR,2
2026-10-09T23:47:50Z,2461323.491551,10.4,False,0,Visual,,WCR,1
2026-10-10T01:10:59Z,2461323.5493,10.3,False,0,Visual,,WALG,1
2026-10-10T01:19:47Z,2461323.55541133,10.1301,False,2,Johnson V,0.0007,WGR,2
2026-10-10T01:20:31Z,2461323.55592001,10.1267,False,2,Johnson V,0.0006,WGR,2
2026-10-10T01:21:15Z,2461323.55642708,10.1406,False,2,Johnson V,0.0006,WGR,2
2026-10-10T01:22:43Z,2461323.55744248,10.1408,False,2,Johnson V,0.0006,WGR,2
2026-10-10T01:23:30Z,2461323.55798796,11.6319,False,3,Johnson B,0.0023,WGR,2
2026-10-10T01:24:14Z,2461323.55849801,11.6193,False,3,Johnson B,0.0026,WGR,2
2026-10-10T01:26:26Z,2461323.56002707,11.6653,False,3,Johnson B,0.0024,WGR,2
2026-10-10T01:27:01Z,2461323.56043484,10.1477,False,2,Johnson V,0.0008,WGR,2
2026-10-10T01:27:33Z,2461323.56080475,11.6212,False,3,Johnson B,0.002,WGR,2
2026-10-10T01:27:59Z,2461323.56110984,10.1571,False,2,Johnson V,0.0025,WGR,2
2026-10-10T01:28:35Z,2461323.56152512,11.6349,False,3,Johnson B,0.0059,WGR,2
2026-10-10T01:28:53Z,2461323.56173403,11.619,False,3,Johnson B,0.0058,WGR,2
2026-10-10T01:29:10Z,2461323.56192986,10.1227,False,2,Johnson V,0.0085,WGR,2
2026-10-10T01:29:24Z,2461323.56208993,10.1655,False,2,Johnson V,0.0083,WGR,2
2026-10-10T01:29:55Z,2461323.5624442,11.5984,False,3,Johnson B,0.0201,WGR,2
2026-10-10T01:30:00Z,2461323.5625,10.2,False,0,Visual,,DFR,1
2026-10-10T02:33:43Z,2461323.60675,9.748,False,8,Unfiltered (V zeropoint),0.002,SKA,2
2026-10-10T02:34:24Z,2461323.60723,9.783,False,8,Unfiltered (V zeropoint),0.002,SKA,2
2026-10-10T02:45:23Z,2461323.61485,9.749,False,8,Unfiltered (V zeropoint),0.002,SKA,2
2026-10-10T02:46:08Z,2461323.61538,9.755,False,8,Unfiltered (V zeropoint),0.002,SKA,2
